id,sex,age,isPregnant,BMI,systolic_bp,smoker
1,Female,53,False,30.127973368265714,80,False
2,Female,7,False,43.11525132359991,120,True
3,Male,50,True,0,165,
4,Male,11,False,50.0240899720874,80,False
5,Male,50,False,37.94341752852348,155,True
6,Male,-5,False,,100,False
7,Female,62,False,37.454717155670956,180,False
8,Female,59,False,21.86732389742343,180,False
9,Female,13,False,40.394042452432416,170,True
10,Male,2,False,41.378687284920375,,False
11,Male,87,True,120,110,False
12,Female,20,False,45.31904639624024,250,False
13,Female,150,False,37.94341752852348,145,False
14,,22,False,,155,False
15,Female,63,False,39.51470310633946,160,True
16,Female,87,True,31.58413451395969,195,False
17,Male,58,False,43.8826720466784,180,True
18,Male,3,False,-1,85,False
19,Female,67,False,25.21253760348532,105,True
20,Female,42,,0,190,False
21,Male,11,False,50.0240899720874,200,True
22,Male,47,True,31.35154863352534,250,
23,,84,False,,190,False
24,Male,90,False,30.127973368265714,115,True
25,Male,69,False,23.41960889773411,,False
26,Female,48,True,23.41960889773411,130,True
27,Female,51,False,33.39443880845833,300,
28,Female,65,False,200,100,False
29,Male,89,,0,85,True
30,Male,,True,41.045697054453925,180,False
31,Male,83,,30.127973368265714,175,True
32,Female,51,False,15.711337102517287,,False
33,Male,9,False,41.378687284920375,115,True
34,Male,28,False,51.190137910052954,60,
35,Female,42,False,45.31904639624024,140,False
36,Male,32,True,52.359797637629654,160,False
37,Female,75,False,40.394042452432416,180,True
38,Female,86,False,37.94341752852348,135,False
39,Male,6,False,50.35998749200431,300,True
40,Male,71,False,41.045697054453925,175,False
41,Male,28,False,23.41960889773411,170,True
42,Male,31,False,200,,True
43,Female,12,True,19.138755406715447,105,True
44,Female,13,,50.0240899720874,180,False
45,Female,16,False,41.378687284920375,115,True
46,Male,88,False,51.190137910052954,145,False
47,Female,59,False,35.469818083721265,95,False
48,Female,74,,34.6359052966145,60,False
49,Male,87,True,43.11525132359991,90,True
50,Female,23,True,31.460968247329703,85,False
